ticker,date
AAA,2021-03-04 12:47:53.240302
AAAG,2021-03-04 12:47:54.443289
AAAIF,2021-03-04 12:47:55.628606
AAALF,2021-03-04 12:47:56.797555
AAALY,2021-03-04 12:47:59.461545
AAARF,2021-03-04 12:48:05.618602
AAAU,2021-03-04 12:48:06.778628
AABB,2021-03-04 12:48:10.112543
AABNF,2021-03-04 12:48:11.272668
AABVF,2021-03-04 12:48:12.484630
AAC U,2021-03-04 12:48:15.762948
AACAF,2021-03-04 12:48:16.896606
AACAY,2021-03-04 12:48:18.028723
AACEY,2021-03-04 12:48:19.303864
AACG,2021-03-04 12:48:20.454553
AACH,2021-03-04 12:48:24.812714
AACMF,2021-03-04 12:48:25.976217
AACQ,2021-03-04 12:48:27.171054
AACQU,2021-03-04 12:48:28.310539
AACQW,2021-03-04 12:48:29.477046
AACS,2021-03-04 12:48:31.012612
AACTF,2021-03-04 12:48:32.213639
AAEEF,2021-03-04 12:48:35.515727
AAFGF,2021-03-04 12:48:36.710756
AAFRF,2021-03-04 12:48:37.843605
AAGC,2021-03-04 12:48:39.151088
AAGEF,2021-03-04 12:48:40.349510
AAGFF,2021-03-04 12:48:41.490800
AAGGY,2021-03-04 12:48:42.642916
AAGIY,2021-03-04 12:48:46.164966
AAGRY,2021-03-04 12:48:47.336170
AAHIF,2021-03-04 12:48:48.522088
AAIC,2021-03-04 12:48:49.778923
AAIC-B,2021-03-04 12:48:51.011070
AAIC-C,2021-03-04 12:48:52.410716
AAIGF,2021-03-04 12:48:53.734874
AAIIQ,2021-03-04 12:48:54.968185
AAINF,2021-03-04 12:48:56.132890
AAIR,2021-03-04 12:48:57.252820
AAIRF,2021-03-04 12:48:58.457512
AALBF,2021-03-04 12:49:04.028153
